id,name,email,gender,status
3415,API Monitoring:pecykr,apimonitoringpecykr@synthetic.com,male,1
30,Mike,test-Test-Test-karthik_phd_guha@ledner.net,male,1
2747,Mike,test-june1293@kayak.com,male,1
3420,API Monitoring:cyc8ht,apimonitoringcyc8ht@synthetic.com,male,1
31,Chaturaanan Devar,chaturaanan_devar@hane.info,female,1
32,Avantika Shukla,avantika_shukla@pouros.org,male,1
33,Gajbaahu Talwar,gajbaahu_talwar@rolfson.com,male,0
34,Bhagirathi Pilla Ret.,pilla_bhagirathi_ret@schumm.info,male,0
35,Anshula Dubashi,anshula_dubashi@huels-adams.biz,female,0
36,Gajaadhar Arora,arora_gajaadhar@flatley.io,female,0
38,Chitraksh Saini,saini_chitraksh@boyer.net,male,1
39,Gov. Malati Guha,malati_guha_gov@fisher.org,male,1
40,Agnimitra Bhattacharya,bhattacharya_agnimitra@runolfsdottir-streich.co,male,0
43,Aadrika Varrier,aadrika_varrier@hilpert.biz,male,0
44,Raj Rana VM,rana_raj_vm@kulas.org,female,0
45,Mandaakin Trivedi,mandaakin_trivedi@stokes-bins.biz,male,0
46,Shivakari Varma,varma_shivakari@keebler.io,male,1
47,Amb. Menaka Joshi,joshi_amb_menaka@kunde.com,female,1
48,Chandani Khan,chandani_khan@ritchie-morissette.biz,male,0
49,Mangala Jha,mangala_jha@leuschke-stiedemann.io,male,1
